{"acc_test": 27.28, "loss_test": 1.8594443092346191, "acc_train": 26.44, "loss_train": 1.9067300937652587, "_timestamp": 1699837660.7850583, "_runtime": 316.37699937820435, "_step": 35, "_wandb": {"runtime": 319}}